{
  "name": "GZCTF",
  "package": "in.zhaoj.gzctf",
  "description": "GZCTF",
  "homepage": "https://www.zhaoj.in",
  "author": "glzjin",
  "background_task": true,
  "multi_instance": false,
  "public_paths": "/",
  "subdomain": "gzctf",
  "iconPath": "wechat_2024-11-08_005908_176.png",
  "composePath": "docker-compose.yml",
  "lastRouteType": "from_compose",
  "gzctf_port_80:8080_use": true,
  "gzctf_port_80:8080_type": "http",
  "gzctf_port_80:8080_path": "/",
  "gzctf_volume_./data/files_action": "emptyDir",
  "gzctf_volume_./appsettings.json_action": "useContent",
  "gzctf_volume_/var/run/docker.sock_action": "ignore",
  "db_volume_./data/db_action": "emptyDir"
}
