{
  "frontend_volume_/app/node_modules_action": "emptyDir",
  "name": "Maxun",
  "package": "in.zhaoj.maxun",
  "description": "爬虫",
  "homepage": "https://www.zhaoj.in",
  "author": "glzjin",
  "background_task": true,
  "multi_instance": true,
  "public_paths": "/",
  "subdomain": "maxun",
  "iconPath": "maxunlogo.png",
  "composePath": "docker-compose.yml",
  "lastRouteType": "from_compose",
  "postgres_port_5432:5432_use": false,
  "redis_port_6379:6379_use": false,
  "minio_port_9000:9000_use": false,
  "backend_port_8080:8080_use": true,
  "backend_port_8080:8080_type": "http",
  "backend_port_8080:8080_protocol": "tcp",
  "frontend_port_5173:5173_use": true,
  "frontend_port_5173:5173_type": "http",
  "frontend_port_5173:5173_path": "/",
  "postgres_volume_postgres_data_action": "emptyDir",
  "redis_volume_redis_data_action": "emptyDir",
  "minio_volume_minio_data_action": "emptyDir",
  "backend_image_action": "autoBuild",
  "backend_build_image_name": "glzjin/maxun:backend",
  "backend_volume_./server_action": "useContent",
  "backend_volume_./maxun-core_action": "useContent",
  "backend_volume_/var/run/dbus_action": "ignore",
  "frontend_image_action": "autoBuild",
  "frontend_build_image_name": "glzjin/maxun:frontend",
  "frontend_volume_./_action": "useContent",
  "backend_port_8080:8080_path": "/api/"
}
