{
  "name": "Cyberchef",
  "package": "in.zhaoj.cyberchef",
  "description": "Cyberchef",
  "homepage": "https://www.zhaoj.in",
  "author": "glzjin",
  "background_task": true,
  "multi_instance": true,
  "public_paths": "/",
  "subdomain": "cyberchef",
  "iconPath": "15800240.jpg",
  "composePath": "docker-compose.yml",
  "lastRouteType": "http",
  "lastHttpPath": "/",
  "lastHttpService": "cyberchef",
  "lastHttpPort": "80",
  "cyberchef_port_8080:80_use": true,
  "cyberchef_port_8080:80_type": "http",
  "cyberchef_port_8080:80_path": "/"
}
